{
  "Token": "",
  "Bot_Name": "Dexter",
  "ModeratorRoleID": 743753305280348190,
  "GuildID": 742241811258408971,
  "ModerationLogChannelID": 761097217851260934,
  "Prefix": "-",
  "DeveloperMention": "<@500064999524401152>",
  "ThumbnailURLs": [
    "",
    "https://us-furries.com/Dexter/DexAnnoyed.png",
    "https://us-furries.com/Dexter/DexLove.png",
    "https://us-furries.com/Dexter/DexWut.png",
    "https://us-furries.com/Dexter/DexSignOwO.png"
  ],
  "ModuleConfigurations": {},
  "EnableStartupAlert": false,
  "BotChannels": [
    742619335427883030
  ]
}
