{
  "Token": "",
  "Bot_Name": "Dexter",
  "ModeratorRoleID": 743753305280348190,
  "GuildID": 742241811258408971,
  "ModerationLogChannelID": 761097217851260934,
  "Prefix": "~",
  "DeveloperMention": "<@500064999524401152>",
  "ThumbnailURLs": [
    "",
    "https://us-furries.com/Dexter/DexAnnoyed.png",
    "https://us-furries.com/Dexter/DexLove.png",
    "https://us-furries.com/Dexter/DexWut.png",
    "https://us-furries.com/Dexter/DexSignOwO.png"
  ],
  "ProfilePictures": "",
  "ModuleConfigurations": {},
  "EnableStartupAlert": false,
  "BotChannels": [
    742619335427883030
  ],
  "Help": "Dexter is the official USFurries Discord bot, used to moderate the server and provide useful tools. Made with love. <3\n\nFor more in depth help and information you should visit http://docs.usfurries.com.\n\nIf you wish to help in the bot's development, you can find his repository here: https://github.com/Frostrix/Dexter.",
  "StorageChannelID": 761051229648191538
}
