{
  "SuggestionsChannel": 742619199863521342,
  "StaffSuggestionsChannel": 761051229648191538,
  "StorageGuild": 742241811258408971,
  "Emoji": {
    "Upvote": 761111839060000788,
    "Downvote": 761111838711611414,
    "Bin": 761111838921981952
  },
  "TrackerLength": 6,
  "SuggestionEmoji": [
    "Upvote",
    "Downvote",
    "Bin"
  ],
  "StaffSuggestionEmoji": [
    "Upvote",
    "Downvote"
  ],
  "ReactionPass": 1,
  "RandomCharacters": "ABCDEFGHIJKLMNOPQRSTUVWXYZabcdefghijklmnopqrstuvwxyz0123456789",
  "DefaultAvatar": "https://discordapp.com/assets/dd4dbc0016779df1378e7812eabaa04d.png"
}